<?xml version="1.0" encoding="UTF-8" standalone="yes"?>
<addon id="plugin.video.ectvmenu" name="[COLOR red]ECTV[/COLOR] Menu" version="1.0.0" provider-name="TheLonePiper">
	<requires>
		<import addon="xbmc.python" version="3.0.0"/>
	</requires>
	<extension point="xbmc.python.pluginsource" library="default.py">
		<provides>video</provides>
	</extension>
	<extension point="xbmc.addon.metadata">
		<platform>all</platform>
		<summary lang="en">ECTV Menu</summary>
		<description lang="en">Menu Item Lists (replaces Super Favourite menu display)</description>
		<license>GNU General Public License, v2</license>
		<language></language>
		<website>http://1812cottages.com</website>
		<email>me@ianmoran.ca</email>
		<assets>
			<icon>icon.png</icon>
			<fanart>fanart.jpg</fanart>
			<screenshot></screenshot>
		</assets>
		<news>
		0.00 Beta VersionS
		</news>
	</extension>
</addon>
